Page,Receipt No.,Completion Time,Details,Transaction Status,Paid In,Withdrawn,Balance,Transaction Type,Money In,Money Out,Transaction Amount,Amount Range,Person / Business,Is Charge
3,,3/15/2026 20:17,"| Customer Transtefo - .« On peered 2,600.78 254726°*°670 AEF / WANG'ANG'A ‘",Unknown,0,0,2600.78,Other,0,0,0,Below 500,"| Customer Transtefo - .« On peered 2,600.78 254726°*°670 AEF / WANG'ANG'A ‘",FALSE
3,,3/17/2026 13:15,"| Offnet C2B Transfer to 585555 - -100.00 2,136.78 AIRTEL MONEY. for Mobile No. 2547541 21127 254714°**960 SAMUEL WAIGANJO",Unknown,0,-100,2136.78,Money Out,0,-100,-100,Below 500,"| Offnet C2B Transfer to 585555 - -100.00 2,136.78 AIRTEL MONEY. for Mobile No. 2547541 21127 254714°**960 SAMUEL WAIGANJO",FALSE
3,,3/19/2026 14:34,"| Customer Transfer to - -200.00 1,631.78 254710°**307 STEPHEN OROGE Pay bill Account Acc. 0740163083",Unknown,0,-200,1631.78,Money Out,0,-200,-200,Below 500,"-200.00 1,631.78 254710°**307 STEPHEN OROGE Pay bill Account Acc. 0740163083",FALSE
3,UIKC260FZT,3/20/2026 1:11,| Customer Transfer to -  WAIGANJO CATHERINE WAIRIMU WANYORO urewoom__presevoonnrs seeizygene ram Jemee mmm] E WAINA,Completed,0,0,0,Money Out,0,0,0,Below 500,WAIGANJO CATHERINE WAIRIMU WANYORO urewoom__presevoonnrs seeizygene ram Jemee mmm] E WAINA,FALSE
2,,5/26/2026 12:03,"|Offnet C2B Transfer to 585555 - |  -100.00 6,829.78 AIRTEL MONEY. for Mobile No. 254754121127 2547279°°408 LEAH GITAU ge Business to - 254716°°*803 MICHAEL GITAU Business to - 254716**°803 MICHAEL GITAU",Completed,0,-100,6829.78,Money Out,0,-100,-100,Below 500,"|Offnet C2B Transfer to 585555 - |  -100.00 6,829.78 AIRTEL MONEY. for Mobile No. 254754121127 2547279°°408 LEAH GITAU ge Business to - 254716°°*803 MICHAEL GITAU Business to - 254716**°803 MICHAEL GITAU",FALSE
4,UBC24Q7N7,9/3/2026 15:10,"| Customer Transfer of Funds  -7,00 2741.78",Completed,0,0,2741.78,Other,0,0,0,Below 500,"| Customer Transfer of Funds  -7,00 2741.78",FALSE
4,,9/3/2026 15:38,"| Customer Transfer to -  -300,00 2.441,78 254119°**366 Perts Murhski",Completed,0,0,0,Money Out,0,0,0,Below 500,"-300,00 2.441,78 254119°**366 Perts Murhski",FALSE
4,UBC249033,9/3/2026 17:04,| Offnet C2B Transfer to 585555 - -100.00 2334.78 AIRTEL MONEY. for Mobile No. 254754121127,Unknown,0,-100,2334.78,Money Out,0,-100,-100,Below 500,| Offnet C2B Transfer to 585555 - -100.00 2334.78 AIRTEL MONEY. for Mobile No. 254754121127,FALSE
4,UBC24QYPA,9/3/2026 17:57,Merchant Payment to 1094544 - comeetes fT 88.80 2239.78 CATHERINE WAIRIMU WANYORO,Unknown,0,0,2239.78,Money Out,0,0,0,Below 500,to 1094544 - comeetes fT 88.80 2239.78 CATHERINE WAIRIMU WANYORO,FALSE
4,UISANSZXYC,9/5/2026 17:58,"| Funds received tre A. ss Conropeted 4000.00 $.095,78 254726°**176 SP : f GACHERU , 254119°**366 254746°°°913 Ignatic ; 254746 ""7 gnatious Nieri CATHERINE WAIRIMU WANYORO 0757°*°957 ogi 07579957 291",Unknown,0,0,4000,Money In,0,0,0,Below 500,"tre A. ss Conropeted 4000.00 $.095,78 254726°**176 SP : f GACHERU , 254119°**366 254746°°°913 Ignatic ; 254746 ""7 gnatious Nieri CATHERINE WAIRIMU WANYORO 0757°*°957 ogi 07579957 291",FALSE
4,,9/5/2026 19:50,"| Customer Transfer to - Brmgletad -100,00 4895.78 254746°°°913 ignatious fin”",Unknown,0,0,4895.78,Money Out,0,0,0,Below 500,"Brmgletad -100,00 4895.78 254746°°°913 ignatious fin”",FALSE
4,,9/5/2026 19:51,UIsC2508PQ  | Customer Transfer of Funds fomsfes iT 8800 3372.78 Chare fy N,Unknown,0,0,3372.78,Other,0,0,0,Below 500,UIsC2508PQ  | Customer Transfer of Funds fomsfes iT 8800 3372.78 Chare fy N,FALSE
4,,9/5/2026 20:16,[Usc2sq900 ———_—| [Monnane Permentee 1ogisae [cometary = [|= 60.00 0110°**8S7 Peter Ngug fees,Unknown,0,0,60,Charge,0,0,0,Below 500,[Usc2sq900 ———_—| [Monnane Permentee 1ogisae [cometary = [|= 60.00 0110°**8S7 Peter Ngug fees,TRUE
4,UISC250,9/5/2026 20:16,")00  | Merchant Payment to 1094544 - het -360,00 3012.78",Unknown,0,0,3012.78,Money Out,0,0,0,Below 500,"to 1094544 - het -360,00 3012.78",FALSE
4,,9/5/2026 20:28,"| Funds received from - 8000.00 11,012.78 254726°°°713 ANGELA GACHERU",Unknown,8000,0,11012.78,Money In,8000,0,8000,"5,000 - 9,999","8000.00 11,012.78 254726°°°713 ANGELA GACHERU",FALSE
4,,9/6/2026 14:18,"| Customer Withdrawal At Agent |  -2,300.00 @712.78 Tal 446826 - Kedama Link Pals Sell Selection Shop Ruai",Completed,0,-2300,712.78,Money Out,0,-2300,-2300,Below 500,"At Agent |  -2,300.00 @712.78 Tal 446826 - Kedama Link Pals Sell Selection Shop Ruai",FALSE
4,UNKC252VTU,9/6/2026 14:18,‘ _—=—_— [ | Withdranal Charg Completes | T2800 R.683.78,Unknown,0,0,683.78,Other,0,0,0,Below 500,‘ _—=—_— [ | Withdranal Charg Completes | T2800 R.683.78,FALSE
4,,9/6/2026 17:17,| Customer Payment to Small  -100.00 4056.78 Business to - 254726°°*438 MARY GATHONI 0717°**304 JOHN MAREMA 0717°**304 JOHN MAREMA 254746°**913 Ignatic i,Completed,0,0,4056.78,Money Out,0,0,0,Below 500,| Customer Payment to Small  -100.00 4056.78 Business to - 254726°°*438 MARY GATHONI 0717°**304 JOHN MAREMA 0717°**304 JOHN MAREMA 254746°**913 Ignatic i,FALSE
4,,9/6/2026 17:18,| Customer Payment to Small  -100.00 3956.78 Business to - 254726°°*438 MARY GATHONI,Completed,0,0,3956.78,Money Out,0,0,0,Below 500,| Customer Payment to Small  -100.00 3956.78 Business to - 254726°°*438 MARY GATHONI,FALSE
4,,9/8/2026 14:49,UIC 25B7XT  | Merchant Payment to 1034544 - comsetes fT 80.00 3876.78 CATHERINE WAIRIMU WANYORO GERALD HUHI NGETHE,Unknown,0,0,3876.78,Money Out,0,0,0,Below 500,to 1034544 - comsetes fT 80.00 3876.78 CATHERINE WAIRIMU WANYORO GERALD HUHI NGETHE,FALSE
4,,9/11/2026 7:22,| Offnet 2B Transfer to 585555 - |  -100.00 3566.78 AIRTEL MONEY. for Mobae No. 254754121127 CATHERINE WAIRIMU WANYORO 0717°**304 JOHN MAREMA 254798°**064 JANE NDERI,Completed,0,0,3566.78,Money Out,0,0,0,Below 500,| Offnet 2B Transfer to 585555 - |  -100.00 3566.78 AIRTEL MONEY. for Mobae No. 254754121127 CATHERINE WAIRIMU WANYORO 0717°**304 JOHN MAREMA 254798°**064 JANE NDERI,FALSE
3,,9/14/2026 7:48,"| Pay Bll to 689550. ST JONN THE |  -1,000.00 PARISH VIA EQUITY Acc, 13342 0799°*°028 Peter Wanyoro 254746°**913 Ignatic i CATHERINE WAIRRIMU WANYORO",Completed,0,0,-1000,Other,0,0,0,Below 500,"| Pay Bll to 689550. ST JONN THE |  -1,000.00 PARISH VIA EQUITY Acc, 13342 0799°*°028 Peter Wanyoro 254746°**913 Ignatic i CATHERINE WAIRRIMU WANYORO",FALSE
3,UIEC25ZO1S,9/14/2026 7:48,"«|  | Pay Bill Charg  | 1000 1,549.78",Completed,0,0,1549.78,Money Out,0,0,0,Below 500,"Charg  | 1000 1,549.78",FALSE
3,,9/14/2026 14:04,| Receive International Transfer From 4020383 - EQUITY BANK MT B2C ACCOUNT. Original conversation ID is TTS51661836072195. 2026-0914 10:24:21 | Offnet C28 Transfer to 585555 - -100.00 AIRTEL MONEY. for Mobile No. 254754121127,Unknown,0,0,-100,Money In,0,0,0,Below 500,| Receive International Transfer From 4020383 - EQUITY BANK MT B2C ACCOUNT. Original conversation ID is TTS51661836072195. 2026-0914 10:24:21 | Offnet C28 Transfer to 585555 - -100.00 AIRTEL MONEY. for Mobile No. 254754121127,FALSE
3,,9/15/2026 14:45,"UIFC2 64POY  | Customer Transfer of Funds amines Et 3,305.78",Unknown,0,0,3305.78,Other,0,0,0,Below 500,"UIFC2 64POY  | Customer Transfer of Funds amines Et 3,305.78",FALSE
3,,9/15/2026 19:40,"UIFC2 666ED  | Merchant Paymentyo 7193023 | Cdmpleted 2,955.78",Unknown,0,0,2955.78,Money Out,0,0,0,Below 500,"yo 7193023 | Cdmpleted 2,955.78",FALSE
3,,9/15/2026 19:40,UFczeeeD |  |Herrane aye [melee Z|] 28. CATHERINE WAIRIMU WARYOP 2547279408 LEAH GITAU,Unknown,0,0,0,Other,0,0,0,Below 500,UFczeeeD |  |Herrane aye [melee Z|] 28. CATHERINE WAIRIMU WARYOP 2547279408 LEAH GITAU,FALSE
3,,9/16/2026 11:34,"| Customer Transfer to - | Cohigs 2,543.78 254714***960 SAMUEL o WAIGANJO a ae. uFczeepc cust Pas» AB W4",Unknown,0,0,2543.78,Money Out,0,0,0,Below 500,"| Cohigs 2,543.78 254714***960 SAMUEL o WAIGANJO a ae. uFczeepc cust Pas» AB W4",FALSE
3,,9/16/2026 11:35,"| Customer Transfer to - fe 5 NL 2,493.78 254714°**960 SAMUEL . WAIGANJO \",Unknown,0,0,2493.78,Money Out,0,0,0,Below 500,"fe 5 NL 2,493.78 254714°**960 SAMUEL . WAIGANJO \",FALSE
3,,9/16/2026 13:39,"wcney  | Customer Transfer to - ae -200.00 2,293.78 254714°*°960 SAMUEL JN WAIGANJO",Unknown,0,-200,2293.78,Money Out,0,-200,-200,Below 500,"ae -200.00 2,293.78 254714°*°960 SAMUEL JN WAIGANJO",FALSE
3,UNC2Z6LI9R,9/19/2026 14:05,« |Pay Bm Charge —s_— completes — | 8,Unknown,0,0,0,Charge,0,0,0,Below 500,« |Pay Bm Charge —s_— completes — | 8,TRUE
3,UIC2608LX,9/19/2026 22:38,"«|  |Autime Purchase = ss iCompletes — |—— ss 1,149.78 254727°**408 LEAH GITAU 254717***510 IGNATIO WAWERU",Unknown,0,0,1149.78,Other,0,0,0,Below 500,"«|  |Autime Purchase = ss iCompletes — |—— ss 1,149.78 254727°**408 LEAH GITAU 254717***510 IGNATIO WAWERU",FALSE
3,UIKC260E9,9/20/2026 1:14,| Offnet C28 Transfer to 585555 - |  AIRTEL MONEY. for Mobile No. 254734121127,Completed,0,0,0,Money Out,0,0,0,Below 500,| Offnet C28 Transfer to 585555 - |  AIRTEL MONEY. for Mobile No. 254734121127,FALSE
3,UIKC260K,9/20/2026 6:21,")6  | Offnet C2B Transfer to 585555 - -100.00 AIRTEL MONEY, for Mobile No. 254754121127",Unknown,0,0,-100,Money Out,0,0,0,Below 500,")6  | Offnet C2B Transfer to 585555 - -100.00 AIRTEL MONEY, for Mobile No. 254754121127",FALSE
2,UIKC26QA03,9/20/2026 16:20,|Receive international Transfer |  From 4020383 - EQUITY BANK IMT B2C ACCOUNT. Original conversation ID is TT57 921446933 8087. anon favonnaas erm Picwen [om | | | 254740°**626 MARY NG'ANG'A anon (aaa amwreeeten owas [|] se Disclaimer: Any personal information shared with you should be handled in accordance with the Data Protection Act and only used far the purpose,Completed,0,0,0,Money In,0,0,0,Below 500,|Receive international Transfer |  From 4020383 - EQUITY BANK IMT B2C ACCOUNT. Original conversation ID is TT57 921446933 8087. anon favonnaas erm Picwen [om | | | 254740°**626 MARY NG'ANG'A anon (aaa amwreeeten owas [|] se Disclaimer: Any personal information shared with you should be handled in accordance with the Data Protection Act and only used far the purpose,FALSE
2,UIKC260L84,9/20/2026 16:41,"|Airtime Purchase = iCompletes | OO, 787.",Unknown,0,0,0,Money Out,0,0,0,Below 500,"= iCompletes | OO, 787.",FALSE
2,,9/22/2026 14:29,|Customer Transfer to -  300.00 254740°*°626 MARY NG'ANG‘'A arge 254723°**350 ROSE WAITHAKA 3e 254740°**626 MARY NG'ANG'A GLOBAL LINKS 1 Ace. OGLO29,Completed,0,0,300,Money Out,0,0,0,Below 500,300.00 254740°*°626 MARY NG'ANG‘'A arge 254723°**350 ROSE WAITHAKA 3e 254740°**626 MARY NG'ANG'A GLOBAL LINKS 1 Ace. OGLO29,FALSE
2,,9/23/2026 16:28,"|Receive international Tes! a 10,256.00 From 838225 - CO-OP MTOXE Original conversation ID is 052100020161 TTSIMYTOSMUS N1PxbM4Mo OOLPAY. arge",Unknown,0,0,10256,Money In,0,0,0,Below 500,"|Receive international Tes! a 10,256.00 From 838225 - CO-OP MTOXE Original conversation ID is 052100020161 TTSIMYTOSMUS N1PxbM4Mo OOLPAY. arge",FALSE
2,,9/24/2026 7:15,"|Customer Transf@&pe : eted -100.00 10,288.78 254719°**152 FR GICHAGA",Unknown,0,0,10288.78,Other,0,0,0,Below 500,"|Customer Transf@&pe : eted -100.00 10,288.78 254719°**152 FR GICHAGA",FALSE
2,,9/24/2026 14:27,|Customer Transfer of funds? mete 7.00,Unknown,0,0,7,Other,0,0,0,Below 500,|Customer Transfer of funds? mete 7.00,FALSE
2,,9/25/2026 18:21,|Customer Transfer to -  -300.00 2547999677 STEPHEN WAITHERA arge 464936 - MATHAAI THIKA 464936 - MATHAAI THIKA fo™ 254748°**°584 Pacificus Nie: or ' Charge fi x » Customer Payment to Amrpleted . Business to - 254719°*°9 Wa BETTY CHEBET ' oP,Completed,0,0,-300,Money Out,0,0,0,Below 500,-300.00 2547999677 STEPHEN WAITHERA arge 464936 - MATHAAI THIKA 464936 - MATHAAI THIKA fo™ 254748°**°584 Pacificus Nie: or ' Charge fi x » Customer Payment to Amrpleted . Business to - 254719°*°9 Wa BETTY CHEBET ' oP,FALSE
2,UIPC27,9/25/2026 19:45,"D78D  |Merchant Payment to 464936 - Comptes tT 00) 7,862.78 MATHAAI THIKA 254723°**B08 FAITH NGIGE Ge wena —‘iseaers nen [omer femme || 0717°**780 eran as one fgmeretmewratnw fewer 5¢",Unknown,0,0,7862.78,Money Out,0,0,0,Below 500,"to 464936 - Comptes tT 00) 7,862.78 MATHAAI THIKA 254723°**B08 FAITH NGIGE Ge wena —‘iseaers nen [omer femme || 0717°**780 eran as one fgmeretmewratnw fewer 5¢",FALSE
1,,9/27/2026 17:09,"| Funds received from -  1,000,00 254723°°°118 WINNE NJERI Disclaimer; Any personal information shared with you shouki be handled in accordance with the Data Protection Act and only used for the purpose for which it was provided Statement Verification Code To verify the validity of this M-PESA statement dial *334#, select My account and follow the X E9 6 C prompts to enter the code. GSa faricom For self-help dial *234# | Web: www.safaricom co ke | Twitter: @SafaricomPLC | @safaricom_care | Facebook: Safaricom PLC | Terms and",Completed,0,0,0,Money In,0,0,0,Below 500,"1,000,00 254723°°°118 WINNE NJERI Disclaimer; Any personal information shared with you shouki be handled in accordance with the Data Protection Act and only used for the purpose for which it was provided Statement Verification Code To verify the validity of this M-PESA statement dial *334#, select My account and follow the X E9 6 C prompts to enter the code. GSa faricom For self-help dial *234# | Web: www.safaricom co ke | Twitter: @SafaricomPLC | @safaricom_care | Facebook: Safaricom PLC | Terms and",FALSE
1,,9/29/2026 16:34,"| Customer Payment to Small  -200.00 4,156.78 Business to - 254720°°°689 os WAKIA 254708°**100 KATE MUTHONI 0768°**784 DAVID WAMBUI 2547279**408 LEAH GITAU 254759°°°874 FRIDAH WAINADA 254701°°*266 Bibiana Murai",Completed,0,0,4156.78,Money Out,0,0,0,Below 500,"| Customer Payment to Small  -200.00 4,156.78 Business to - 254720°°°689 os WAKIA 254708°**100 KATE MUTHONI 0768°**784 DAVID WAMBUI 2547279**408 LEAH GITAU 254759°°°874 FRIDAH WAINADA 254701°°*266 Bibiana Murai",FALSE
1,UERTTISN,9/29/2026 17:02,| Merchant Payment to 8018680 - |  -200.00  [20260829 1710259 SMEAR ENOR en [cometctes 888878,Completed,0,0,-200,Money Out,0,0,0,Below 500,to 8018680 - |  -200.00  [20260829 1710259 SMEAR ENOR en [cometctes 888878,FALSE
1,,9/29/2026 17:29,| Customer Payment to Small  +700.00 Business to - 254715°°°921 rere fraconm ina eewremwattnw Jeeame [Tea,Completed,0,0,700,Money Out,0,0,0,Below 500,| Customer Payment to Small  +700.00 Business to - 254715°°°921 rere fraconm ina eewremwattnw Jeeame [Tea,FALSE
1,,10/3/2026 6:43,288173  | Customer Transfer to -  -700.00 vpczear——_[Poxe-10.0n 06:43:25 |eystomecTaoremeciay — |omeees P08 254722°°°175 ERIC NDOUNGU AIRTEL MONEY. for Mobile No. 254754121127 254713°°°504 MARY WAMBUI MIA DUCK SUPPLIES- THIKA,Completed,0,0,-700,Money Out,0,0,0,Below 500,-700.00 vpczear——_[Poxe-10.0n 06:43:25 |eystomecTaoremeciay — |omeees P08 254722°°°175 ERIC NDOUNGU AIRTEL MONEY. for Mobile No. 254754121127 254713°°°504 MARY WAMBUI MIA DUCK SUPPLIES- THIKA,FALSE
1,,10/3/2026 6:50,ey gy for Customer to  BUNDLES by - 254700°°°566 RESTUTA Ri pene fess lame tananaren [ammme [fate,Completed,0,0,0,Other,0,0,0,Below 500,ey gy for Customer to  BUNDLES by - 254700°°°566 RESTUTA Ri pene fess lame tananaren [ammme [fate,FALSE
